{"sections":{"slideshow":{"type":"slideshow","blocks":{"slide-0":{"type":"slide","settings":{"image":"shopify:\/\/shop_images\/dark-old-wooden-table-texture-knife-top-view.jpg","heading":"SpoonPro™","heading_size":"h1","subheading":"Take control of your portions and reach your  dream weight with SpoonPro™","button_label":"Order Now For Only $29.99","link":"shopify:\/\/products\/spoonpro","button_style_secondary":false,"box_align":"middle-left","show_text_box":true,"text_alignment":"left","image_overlay_opacity":10,"color_scheme":"background-2","text_alignment_mobile":"left"}}},"block_order":["slide-0"],"settings":{"layout":"full_bleed","slide_height":"adapt_image","slider_visual":"counter","auto_rotate":false,"change_slides_speed":5,"show_text_below":true,"accessibility_info":"Slideshow about our brand"}},"92154688-a576-4933-a629-8d70903daaf4":{"type":"image-with-text","blocks":{"template--18291833504056__92154688-a576-4933-a629-8d70903daaf4-1678476428d38279c5-0":{"type":"heading","settings":{"heading":"Why SpoonPro™","heading_size":"h2"}},"template--18291833504056__92154688-a576-4933-a629-8d70903daaf4-1678476428d38279c5-1":{"type":"text","settings":{"text":"<p>⭐ Accurately measure your food portions and stay on track with your weight loss goals<\/p><p>⭐ Eliminate the guesswork and reduce overeating with precise measurements<\/p><p>⭐ Track your progress easily with a tool that fits seamlessly into your healthy lifestyle<\/p><p>⭐ Make meal planning and portion control effortless and stress-free with our Spoon Scale<\/p>","text_style":"body"}},"template--18291833504056__92154688-a576-4933-a629-8d70903daaf4-1678476428d38279c5-2":{"type":"button","settings":{"button_label":"Order Now","button_link":"shopify:\/\/products\/spoonpro"}}},"block_order":["template--18291833504056__92154688-a576-4933-a629-8d70903daaf4-1678476428d38279c5-0","template--18291833504056__92154688-a576-4933-a629-8d70903daaf4-1678476428d38279c5-1","template--18291833504056__92154688-a576-4933-a629-8d70903daaf4-1678476428d38279c5-2"],"settings":{"image":"shopify:\/\/shop_images\/main-canvas-640b857964e4fc63e53ab267.png","height":"medium","desktop_image_width":"medium","layout":"image_first","desktop_content_position":"top","desktop_content_alignment":"left","content_layout":"no-overlap","color_scheme":"background-2","mobile_content_alignment":"left","padding_top":36,"padding_bottom":36}},"c6b88acb-3e42-4989-b4ce-889ab4e5558d":{"type":"image-with-text","blocks":{"template--18291833504056__c6b88acb-3e42-4989-b4ce-889ab4e5558d-1678476428d38279c5-0":{"type":"heading","settings":{"heading":"Measure your ingredients with precision","heading_size":"h2"}},"template--18291833504056__c6b88acb-3e42-4989-b4ce-889ab4e5558d-1678476428d38279c5-1":{"type":"text","settings":{"text":"<p>Using our Spoon Scale! With its compact and versatile design, it's a convenient tool that ensures accuracy every time, making it the perfect addition to any kitchen.<\/p>","text_style":"body"}},"template--18291833504056__c6b88acb-3e42-4989-b4ce-889ab4e5558d-1678476428d38279c5-2":{"type":"button","settings":{"button_label":"Order Now","button_link":"shopify:\/\/products\/spoonpro"}}},"block_order":["template--18291833504056__c6b88acb-3e42-4989-b4ce-889ab4e5558d-1678476428d38279c5-0","template--18291833504056__c6b88acb-3e42-4989-b4ce-889ab4e5558d-1678476428d38279c5-1","template--18291833504056__c6b88acb-3e42-4989-b4ce-889ab4e5558d-1678476428d38279c5-2"],"settings":{"image":"shopify:\/\/shop_images\/Screenshot_2023-03-10_at_19.39.04.png","height":"medium","desktop_image_width":"medium","layout":"image_first","desktop_content_position":"top","desktop_content_alignment":"left","content_layout":"no-overlap","color_scheme":"background-2","mobile_content_alignment":"left","padding_top":36,"padding_bottom":36}},"91fac605-c6fd-4b10-8fc6-139ca36f5147":{"type":"collapsible-content","blocks":{"template--18291833504056__91fac605-c6fd-4b10-8fc6-139ca36f5147-1678477206a5c20cf2-0":{"type":"collapsible_row","settings":{"heading":"Features of SpoonPro™","icon":"check_mark","row_content":"<ul><li>Max weight measure up to 500g<\/li><li>Accuracy is in increments of 0.1g<\/li><li>4 different units( g, oz, ct, gn)<\/li><li>Auto shut-off function<\/li><li>Requires 3V CR2032 batteries<\/li><li>LCD display<\/li><\/ul>","page":""}},"template--18291833504056__91fac605-c6fd-4b10-8fc6-139ca36f5147-1678477206a5c20cf2-1":{"type":"collapsible_row","settings":{"heading":"Can I return if not satisfied?","icon":"check_mark","row_content":"<p>Absolutely YES! All purchases are protected by our 14 days money-back guarantee, which means that if for any reason, you don't like the product, you will have full 14 days to return it and get your money back.<\/p>","page":""}},"template--18291833504056__91fac605-c6fd-4b10-8fc6-139ca36f5147-1678477206a5c20cf2-2":{"type":"collapsible_row","settings":{"heading":"How long is the shipping?","icon":"check_mark","row_content":"<p>We aim to process all orders within 1-3 business days. Delivery takes 7-15 business days from the shipment day depending on your location.<\/p>","page":""}},"template--18291833504056__91fac605-c6fd-4b10-8fc6-139ca36f5147-1678477206a5c20cf2-3":{"type":"collapsible_row","settings":{"heading":"Can I track my package?","icon":"check_mark","row_content":"<p>Yes, we will provide you with the tracking number, and you can track your package by clicking on the \"Track Order\" button at the top of this page.<\/p>","page":""}},"4a865e0f-e6a9-4afe-b598-de59562e5e40":{"type":"collapsible_row","settings":{"heading":"I have a question, how do I contact you?","icon":"check_mark","row_content":"<p>You can email us at info@email.com or send us a message via the chat feature on the bottom of this page. We will respond to your message within 1 business day.<\/p>","page":""}}},"block_order":["template--18291833504056__91fac605-c6fd-4b10-8fc6-139ca36f5147-1678477206a5c20cf2-0","template--18291833504056__91fac605-c6fd-4b10-8fc6-139ca36f5147-1678477206a5c20cf2-1","template--18291833504056__91fac605-c6fd-4b10-8fc6-139ca36f5147-1678477206a5c20cf2-2","template--18291833504056__91fac605-c6fd-4b10-8fc6-139ca36f5147-1678477206a5c20cf2-3","4a865e0f-e6a9-4afe-b598-de59562e5e40"],"settings":{"caption":"","heading":"Frequently Asked Questions","heading_size":"h1","heading_alignment":"center","layout":"none","color_scheme":"background-1","container_color_scheme":"background-2","open_first_collapsible_row":false,"image_ratio":"adapt","desktop_layout":"image_second","padding_top":36,"padding_bottom":36}},"ce70abc8-2181-4487-bbc3-df54f359692e":{"type":"image-with-text","blocks":{"template--18291833504056__ce70abc8-2181-4487-bbc3-df54f359692e-1678476428d38279c5-0":{"type":"heading","settings":{"heading":"Go Ahead...","heading_size":"h2"}},"template--18291833504056__ce70abc8-2181-4487-bbc3-df54f359692e-1678476428d38279c5-1":{"type":"text","settings":{"text":"<p>Dan't wait, take advantage of the limited-time 50% off and free shipping.<\/p>","text_style":"body"}},"template--18291833504056__ce70abc8-2181-4487-bbc3-df54f359692e-1678476428d38279c5-2":{"type":"button","settings":{"button_label":"Order Now","button_link":"shopify:\/\/products\/spoonpro"}}},"block_order":["template--18291833504056__ce70abc8-2181-4487-bbc3-df54f359692e-1678476428d38279c5-0","template--18291833504056__ce70abc8-2181-4487-bbc3-df54f359692e-1678476428d38279c5-1","template--18291833504056__ce70abc8-2181-4487-bbc3-df54f359692e-1678476428d38279c5-2"],"settings":{"image":"shopify:\/\/shop_images\/5pUQElectronic-Kitchen-Scale-With-LCD-Display-Digital-Cooking-Food-Measuring-Spoon-500g-0-1g-Mini-Kitchen.jpg","height":"medium","desktop_image_width":"medium","layout":"image_first","desktop_content_position":"top","desktop_content_alignment":"left","content_layout":"no-overlap","color_scheme":"background-2","mobile_content_alignment":"left","padding_top":36,"padding_bottom":36}}},"order":["slideshow","92154688-a576-4933-a629-8d70903daaf4","c6b88acb-3e42-4989-b4ce-889ab4e5558d","91fac605-c6fd-4b10-8fc6-139ca36f5147","ce70abc8-2181-4487-bbc3-df54f359692e"]}