{"sections":{"slideshow":{"type":"slideshow","blocks":{"slide":{"type":"slide","settings":{"heading":"Collections","heading_size":"h0","subheading":"","button_label":"","link":"","button_style_secondary":false,"box_align":"middle-left","show_text_box":true,"text_alignment":"left","image_overlay_opacity":10,"color_scheme":"background-2","text_alignment_mobile":"left"}}},"block_order":["slide"],"settings":{"layout":"full_bleed","slide_height":"small","slider_visual":"counter","auto_rotate":false,"change_slides_speed":5,"show_text_below":true,"accessibility_info":"Slideshow about our brand"}},"rich-text-0":{"type":"rich-text","settings":{"desktop_content_position":"center","content_alignment":"center","color_scheme":"background-1","full_width":true,"padding_top":0,"padding_bottom":60}},"main":{"type":"main-list-collections","settings":{"title":"","sort":"alphabetical","image_ratio":"portrait","columns_desktop":4,"columns_mobile":"2"}},"rich-text-1":{"type":"rich-text","settings":{"desktop_content_position":"center","content_alignment":"center","color_scheme":"background-1","full_width":true,"padding_top":0,"padding_bottom":60}}},"order":["slideshow","rich-text-0","main","rich-text-1"]}