{"sections":{"main":{"type":"main-product","blocks":{"title":{"type":"title","settings":{}},"rating":{"type":"rating","settings":{}},"price":{"type":"price","settings":{}},"loox-rating":{"type":"shopify:\/\/apps\/loox-product-reviews-photos\/blocks\/loox-rating\/5c3b337f-fd14-4df5-b1d6-80ec13e6e28e","settings":{}},"variant_picker":{"type":"variant_picker","settings":{"picker_type":"dropdown"}},"quantity_selector":{"type":"quantity_selector","settings":{}},"buy_buttons":{"type":"buy_buttons","settings":{"show_dynamic_checkout":false}}},"block_order":["title","rating","price","loox-rating","variant_picker","quantity_selector","buy_buttons"],"settings":{"enable_sticky_info":true,"media_size":"small","constrain_to_viewport":true,"media_fit":"contain","gallery_layout":"thumbnail_slider","media_position":"left","image_zoom":"none","mobile_thumbnails":"show","hide_variants":false,"enable_video_looping":false,"padding_top":60,"padding_bottom":60}},"0a6f1550-5cf6-431b-99af-a34fddd66f2b":{"type":"video","settings":{"heading":"","heading_size":"h1","video_url":"https:\/\/www.youtube.com\/watch?v=_9VUPq3SxOc","description":"","full_width":false,"color_scheme":"background-1","padding_top":36,"padding_bottom":36}},"19e6c044-1e3f-42d8-9ac0-a046b4df005a":{"type":"image-with-text","blocks":{"template--18291833667896__19e6c044-1e3f-42d8-9ac0-a046b4df005a-16786256189ad9534c-0":{"type":"heading","settings":{"heading":"Why SpoonPro™","heading_size":"h2"}},"template--18291833667896__19e6c044-1e3f-42d8-9ac0-a046b4df005a-16786256189ad9534c-1":{"type":"text","settings":{"text":"<p>⭐ Accurately measure your food portions and stay on track with your weight loss goals<\/p><p>⭐ Eliminate the guesswork and reduce overeating with precise measurements<\/p><p>⭐ Track your progress easily with a tool that fits seamlessly into your healthy lifestyle<\/p><p>⭐ Make meal planning and portion control effortless and stress-free with our Spoon Scale<\/p>","text_style":"body"}},"template--18291833667896__19e6c044-1e3f-42d8-9ac0-a046b4df005a-16786256189ad9534c-2":{"type":"button","settings":{"button_label":"Order Now","button_link":"#shopify-section-template--18291833667896__main"}}},"block_order":["template--18291833667896__19e6c044-1e3f-42d8-9ac0-a046b4df005a-16786256189ad9534c-0","template--18291833667896__19e6c044-1e3f-42d8-9ac0-a046b4df005a-16786256189ad9534c-1","template--18291833667896__19e6c044-1e3f-42d8-9ac0-a046b4df005a-16786256189ad9534c-2"],"settings":{"image":"shopify:\/\/shop_images\/main-canvas-640b857964e4fc63e53ab267.png","height":"medium","desktop_image_width":"medium","layout":"image_first","desktop_content_position":"top","desktop_content_alignment":"left","content_layout":"no-overlap","color_scheme":"background-2","mobile_content_alignment":"left","padding_top":36,"padding_bottom":36}},"fbb03db0-376a-44e1-a52f-4f4ba5a15fea":{"type":"image-with-text","blocks":{"template--18291833667896__fbb03db0-376a-44e1-a52f-4f4ba5a15fea-16786256189ad9534c-0":{"type":"heading","settings":{"heading":"Measure your ingredients with precision","heading_size":"h2"}},"template--18291833667896__fbb03db0-376a-44e1-a52f-4f4ba5a15fea-16786256189ad9534c-1":{"type":"text","settings":{"text":"<p>Using our Spoon Scale! With its compact and versatile design, it's a convenient tool that ensures accuracy every time, making it the perfect addition to any kitchen.<\/p>","text_style":"body"}},"template--18291833667896__fbb03db0-376a-44e1-a52f-4f4ba5a15fea-16786256189ad9534c-2":{"type":"button","settings":{"button_label":"Order Now","button_link":"#shopify-section-template--18291833667896__main"}}},"block_order":["template--18291833667896__fbb03db0-376a-44e1-a52f-4f4ba5a15fea-16786256189ad9534c-0","template--18291833667896__fbb03db0-376a-44e1-a52f-4f4ba5a15fea-16786256189ad9534c-1","template--18291833667896__fbb03db0-376a-44e1-a52f-4f4ba5a15fea-16786256189ad9534c-2"],"settings":{"image":"shopify:\/\/shop_images\/lt6hS6ac3da3e827242f2b3827d2fac414465w.jpg","height":"medium","desktop_image_width":"medium","layout":"image_first","desktop_content_position":"top","desktop_content_alignment":"left","content_layout":"no-overlap","color_scheme":"background-2","mobile_content_alignment":"left","padding_top":36,"padding_bottom":36}},"da3878dd-ee0b-4264-acb8-79e476cde85a":{"type":"collapsible-content","blocks":{"template--18291833667896__da3878dd-ee0b-4264-acb8-79e476cde85a-1678626117d603e3fe-0":{"type":"collapsible_row","settings":{"heading":"Features of SpoonPro™","icon":"check_mark","row_content":"<ul><li>Max weight measure up to 500g<\/li><li>Accuracy is in increments of 0.1g<\/li><li>4 different units( g, oz, ct, gn)<\/li><li>Auto shut-off function<\/li><li>Requires 3V CR2032 batteries<\/li><li>LCD display<\/li><\/ul>","page":""}},"template--18291833667896__da3878dd-ee0b-4264-acb8-79e476cde85a-1678626117d603e3fe-1":{"type":"collapsible_row","settings":{"heading":"Can I return if not satisfied?","icon":"check_mark","row_content":"<p>Absolutely YES! All purchases are protected by our 14 days money-back guarantee, which means that if for any reason, you don't like the product, you will have full 14 days to return it and get your money back.<\/p>","page":""}},"template--18291833667896__da3878dd-ee0b-4264-acb8-79e476cde85a-1678626117d603e3fe-2":{"type":"collapsible_row","settings":{"heading":"How long is the shipping?","icon":"check_mark","row_content":"<p>We aim to process all orders within 1-3 business days. Delivery takes 7-15 business days from the shipment day depending on your location.<\/p>","page":""}},"template--18291833667896__da3878dd-ee0b-4264-acb8-79e476cde85a-1678626117d603e3fe-3":{"type":"collapsible_row","settings":{"heading":"Can I track my package?","icon":"check_mark","row_content":"<p>Yes, we will provide you with the tracking number, and you can track your package by clicking on the \"Track Order\" button at the top of this page.<\/p>","page":""}},"0ceb1cde-e17f-4a4a-a290-4b92538c45f0":{"type":"collapsible_row","settings":{"heading":"I have a question, how do I contact you?","icon":"check_mark","row_content":"<p>You can email us at info@email.com or send us a message via the chat feature on the bottom of this page. We will respond to your message within 1 business day.<\/p>","page":""}}},"block_order":["template--18291833667896__da3878dd-ee0b-4264-acb8-79e476cde85a-1678626117d603e3fe-0","template--18291833667896__da3878dd-ee0b-4264-acb8-79e476cde85a-1678626117d603e3fe-1","template--18291833667896__da3878dd-ee0b-4264-acb8-79e476cde85a-1678626117d603e3fe-2","template--18291833667896__da3878dd-ee0b-4264-acb8-79e476cde85a-1678626117d603e3fe-3","0ceb1cde-e17f-4a4a-a290-4b92538c45f0"],"settings":{"caption":"","heading":"Frequently Asked Questions","heading_size":"h1","heading_alignment":"center","layout":"none","color_scheme":"background-1","container_color_scheme":"background-2","open_first_collapsible_row":false,"image_ratio":"adapt","desktop_layout":"image_second","padding_top":36,"padding_bottom":36}},"20a68695-3be0-4d33-b99f-28251941458d":{"type":"image-with-text","blocks":{"template--18291833667896__20a68695-3be0-4d33-b99f-28251941458d-16786256189ad9534c-0":{"type":"heading","settings":{"heading":"Go Ahead...","heading_size":"h2"}},"template--18291833667896__20a68695-3be0-4d33-b99f-28251941458d-16786256189ad9534c-1":{"type":"text","settings":{"text":"<p>Dan't wait, take advantage of the limited-time 50% off and free shipping. Promo is ending soon.<\/p>","text_style":"body"}},"template--18291833667896__20a68695-3be0-4d33-b99f-28251941458d-16786256189ad9534c-2":{"type":"button","settings":{"button_label":"Order Now","button_link":"#shopify-section-template--18291833667896__main"}}},"block_order":["template--18291833667896__20a68695-3be0-4d33-b99f-28251941458d-16786256189ad9534c-0","template--18291833667896__20a68695-3be0-4d33-b99f-28251941458d-16786256189ad9534c-1","template--18291833667896__20a68695-3be0-4d33-b99f-28251941458d-16786256189ad9534c-2"],"settings":{"image":"shopify:\/\/shop_images\/5pUQElectronic-Kitchen-Scale-With-LCD-Display-Digital-Cooking-Food-Measuring-Spoon-500g-0-1g-Mini-Kitchen.jpg","height":"medium","desktop_image_width":"medium","layout":"image_first","desktop_content_position":"top","desktop_content_alignment":"left","content_layout":"no-overlap","color_scheme":"background-2","mobile_content_alignment":"left","padding_top":36,"padding_bottom":36}},"loox-product-reviews-app-section":{"type":"apps","blocks":{"loox-product-reviews":{"type":"shopify:\/\/apps\/loox-product-reviews-photos\/blocks\/loox-dynamic-section\/5c3b337f-fd14-4df5-b1d6-80ec13e6e28e","settings":{"only_photos":false,"aggregated":false,"limit":20,"hide_thumbnails":false,"maxwidth":1080}}},"block_order":["loox-product-reviews"],"settings":{"include_margins":false}},"related-products":{"type":"related-products","disabled":true,"settings":{"heading":"You may also like","heading_size":"h2","products_to_show":4,"columns_desktop":4,"color_scheme":"background-1","image_ratio":"portrait","show_secondary_image":true,"show_vendor":false,"show_rating":false,"columns_mobile":"2","padding_top":0,"padding_bottom":60}}},"order":["main","0a6f1550-5cf6-431b-99af-a34fddd66f2b","19e6c044-1e3f-42d8-9ac0-a046b4df005a","fbb03db0-376a-44e1-a52f-4f4ba5a15fea","da3878dd-ee0b-4264-acb8-79e476cde85a","20a68695-3be0-4d33-b99f-28251941458d","loox-product-reviews-app-section","related-products"]}