{"sections":{"main":{"type":"main-page","disabled":true,"settings":{"padding_top":0,"padding_bottom":12}},"featured_product_xaxgnJ":{"type":"featured-product","blocks":{"title_bWLbLQ":{"type":"title","settings":{"text_size":"h1","title_alignment":"left","uppercase_title":false,"margin_top":0,"margin_bottom":15}},"price_w8WA6e":{"type":"price","settings":{"layout":"price_first","price_color":"accent-1","compare_price_color":"text","displayed_badge":"sale","icon_scale":140,"custom_badge_text":"[icon_1] SPECIAL OFFER","icon_1":"redeem","filled_icon_1":false,"icon_2":"check_circle","filled_icon_2":false,"margin_top":15,"margin_bottom":15}},"variant_picker_UGwY8H":{"type":"variant_picker","settings":{"picker_types":"pills, pills, pills","custom_labels":"","disable_prepend":false,"swatches_size":"medium","swatches_border_radius":100,"swatches_custom_colors":"disabled","swatches_custom_colors_list":"#000000, #FFFFFF","breaks_style":"normal","breaks_headline":"BUNDLE & SAVE","breaks_color_scheme":"accent-1","breaks_badges":"[empty], Most popular, [empty]","breaks_displayed_images":"variant_images","breaks_custom_images":"","breaks_image_width":70,"breaks_space_images":true,"breaks_labels":"[name], [name], [name]","breaks_benefits":"[empty], Free Shipping, Free Shipping","breaks_captions":"Variant 1 caption, Variant 2 caption, Variant 3 caption","breaks_price_texts":"[price], [price], [price]","breaks_compare_price_texts":"[compare_price], [compare_price], [compare_price]","margin_top":15,"margin_bottom":15}},"quantity_selector_rbETBD":{"type":"quantity_selector","settings":{"full_width_classic":false,"atc_append":"none","atc_append_heights":"stretch-quantity","enable_quantity_discounts":false,"style":"normal","headline":"BUNDLE & SAVE","preselected":"option_1","update_prices":false,"enable_variant_selectors":true,"enable_variant_selectors_on_quantity_of_1":false,"hide_pickers_overlay":true,"pickers_label":"","image_width":70,"space_images":true,"color_scheme":"accent-1","option_1_quantity":1,"option_1_badge":"","option_1_label":"Buy [quantity]","option_1_benefit":"","option_1_caption":"You save [amount_saved]","option_1_percentage_off_text":"0","option_1_fixed_amount_off":"0","option_1_price_text":"[price]","option_1_compare_price":"compare_price","option_1_compare_price_text":"[compare_price]","option_2_quantity":2,"option_2_badge":"","option_2_label":"Buy [quantity]","option_2_benefit":"","option_2_caption":"You save [amount_saved]","option_2_percentage_off_text":"0","option_2_fixed_amount_off":"0","option_2_price_text":"[price]","option_2_compare_price":"compare_price","option_2_compare_price_text":"[compare_price]","option_3_quantity":3,"option_3_badge":"","option_3_label":"Buy [quantity]","option_3_benefit":"","option_3_caption":"You save [amount_saved]","option_3_percentage_off_text":"0","option_3_fixed_amount_off":"0","option_3_price_text":"[price]","option_3_compare_price":"compare_price","option_3_compare_price_text":"[compare_price]","option_4_quantity":4,"option_4_badge":"","option_4_label":"Buy [quantity]","option_4_benefit":"","option_4_caption":"You save [amount_saved]","option_4_percentage_off_text":"0","option_4_fixed_amount_off":"0","option_4_price_text":"[price]","option_4_compare_price":"compare_price","option_4_compare_price_text":"[compare_price]","margin_top":15,"margin_bottom":15}},"buy_buttons_cdUj6f":{"type":"buy_buttons","settings":{"show_dynamic_checkout":false,"skip_cart":false,"uppercase_text":true,"icon_scale":120,"icon_spacing":10,"display_price":false,"enable_custom_color":false,"custom_color":"#dd1d1d","enable_secondary_btn":false,"secondary_btn_label":"Buy It Now","secondary_btn_enable_custom_color":false,"secondary_btn_custom_color":"#dd1d1d","margin_top":24,"margin_bottom":24}}},"block_order":["title_bWLbLQ","price_w8WA6e","variant_picker_UGwY8H","quantity_selector_rbETBD","buy_buttons_cdUj6f"],"settings":{"display_id":false,"visibility":"always-display","product":"","color_scheme":"background-1","secondary_background":false,"media_size":"medium","constrain_to_viewport":true,"media_fit":"contain","media_position":"left","image_zoom":"lightbox","hide_variants":false,"enable_video_looping":false,"mobile_media_corner_radius":12,"full_media_width":false,"padding_top":36,"padding_bottom":36}}},"order":["main","featured_product_xaxgnJ"]}