{"name":"t:sections.footer.name","type":"footer","sections":{"footer":{"type":"footer","blocks":{"5051889d-e3a9-420b-a8e1-8196665437c5":{"type":"link_list","settings":{"heading":"Quick links","menu":"footer"}},"b132b828-0121-45ac-98b6-bfe3006ee05a":{"type":"text","settings":{"heading":"JW Store","subtext":"<p>Address<br\/>Email<br\/>Tel Number<\/p>"}},"ced17c4c-baaa-4f1b-b239-a46c5fa1b50d":{"type":"image","settings":{"image":"shopify:\/\/shop_images\/main-canvas-640b7b6757edfe17e6fe9e8c.png","image_width":265,"alignment":"center"}}},"block_order":["5051889d-e3a9-420b-a8e1-8196665437c5","b132b828-0121-45ac-98b6-bfe3006ee05a","ced17c4c-baaa-4f1b-b239-a46c5fa1b50d"],"settings":{"color_scheme":"accent-1","newsletter_enable":false,"newsletter_heading":"Subscribe to our emails","enable_follow_on_shop":false,"show_social":false,"enable_country_selector":false,"enable_language_selector":false,"payment_enable":false,"show_policy":false,"margin_top":0,"padding_top":40,"padding_bottom":40}}},"order":["footer"]}